ordinary,class_weight,oversample

"{'accuracy': 0.7754782970356927, 'precision': array([0.87603926, 0.25992633]), 'recall': array([0.85853015, 0.29027668]), 'fscore': array([0.86719633, 0.27426441]), 'n_occurences': array([451651,  77309], dtype=int64), 'predictions_count': Counter({0.0: 442624, 1.0: 86336}), 'tp': 22441, 'tn': 387756, 'fp': 63895, 'fn': 54868, 'auc': 0.5744034150825895}",

"{'accuracy': 0.7838683454325469, 'precision': array([0.87409008, 0.2630157 ]), 'recall': array([0.87256311, 0.26569998]), 'fscore': array([0.87332592, 0.26435103]), 'n_occurences': array([451651,  77309], dtype=int64), 'predictions_count': Counter({0.0: 450862, 1.0: 78098}), 'tp': 20541, 'tn': 394094, 'fp': 57557, 'fn': 56768, 'auc': 0.5691315452696897}",

"{'RandomOverSampler': {'accuracy': 0.7833654718693285, 'precision': array([0.87456105, 0.2640977 ]), 'recall': array([0.87124793, 0.2699427 ]), 'fscore': array([0.87290135, 0.26698821]), 'n_occurences': array([451651,  77309], dtype=int64), 'predictions_count': Counter({0.0: 449940, 1.0: 79020}), 'tp': 20869, 'tn': 393500, 'fp': 58151, 'fn': 56440, 'auc': 0.5705953150359123}, 

'SMOTE': {'accuracy': 0.765713853599516, 'precision': array([0.87425571, 0.24420863]), 'recall': array([0.84750836, 0.28785782]), 'fscore': array([0.86067428, 0.2642428 ]), 'n_occurences': array([451651,  77309], dtype=int64), 'predictions_count': Counter({0.0: 437833, 1.0: 91127}), 'tp': 22254, 'tn': 382778, 'fp': 68873, 'fn': 55055, 'auc': 0.5676830905445981}, 

'ADASYN': {'accuracy': 0.764554975801573, 'precision': array([0.87420779, 0.24299706]), 'recall': array([0.84598506, 0.28882795]), 'fscore': array([0.85986491, 0.26393773]), 'n_occurences': array([451651,  77309], dtype=int64), 'predictions_count': Counter({0.0: 437070, 1.0: 91890}), 'tp': 22329, 'tn': 382090, 'fp': 69561, 'fn': 54980, 'auc': 0.5674065069312666}}"
