undersample
"{'RandomUnderSampler': {'accuracy': 0.5940978523895947, 'precision': array([0.89595762, 0.20099236]), 'recall': array([0.59354457, 0.59733019]), 'fscore': array([0.7140517 , 0.30077769]), 'n_occurences': array([451651,  77309], dtype=int64), 'predictions_count': Counter({0.0: 299205, 1.0: 229755}), 'tp': 46179, 'tn': 268075, 'fp': 183576, 'fn': 31130, 'auc': 0.5954373837737085}, 

'NearMiss1': {'accuracy': 0.3980622353297036, 'precision': array([0.88555688, 0.16153786]), 'recall': array([0.3388147 , 0.74419537]), 'fscore': array([0.49011215, 0.26545504]), 'n_occurences': array([451651,  77309], dtype=int64), 'predictions_count': Counter({1.0: 356158, 0.0: 172802}), 'tp': 57533, 'tn': 153026, 'fp': 298625, 'fn': 19776, 'auc': 0.5415050380467281}, 

'TomekLinks': {'accuracy': 0.7717143073200242, 'precision': array([0.87738218, 0.26010227]), 'recall': array([0.85166201, 0.30464758]), 'fscore': array([0.8643308 , 0.28061814]), 'n_occurences': array([451651,  77309], dtype=int64), 'predictions_count': Counter({0.0: 438411, 1.0: 90549}), 'tp': 23552, 'tn': 384654, 'fp': 66997, 'fn': 53757, 'auc': 0.5781547982222193}, 

'EditedNearestNeighbours': {'accuracy': 0.7397610405323654, 'precision': array([0.8867667 , 0.25476076]), 'recall': array([0.79698484, 0.40545085]), 'fscore': array([0.83948207, 0.31290867]), 'n_occurences': array([451651,  77309], dtype=int64), 'predictions_count': Counter({0.0: 405923, 1.0: 123037}), 'tp': 31345, 'tn': 359959, 'fp': 91692, 'fn': 45964, 'auc': 0.6012178465673551}}"
